{
    "function": "bin.tabr.main",
    "gpus": [
        "Tesla T4"
    ],
    "config": {
        "seed": 12,
        "batch_size": 256,
        "patience": 16,
        "n_epochs": Infinity,
        "context_size": 96,
        "data": {
            "seed": 0,
            "cache": true,
            "path": ":data/classif-num-medium-0-credit",
            "num_policy": "quantile",
            "cat_policy": null,
            "y_policy": null
        },
        "model": {
            "num_embeddings": null,
            "d_main": 265,
            "context_dropout": 0.38920071545944357,
            "d_multiplier": 2.0,
            "encoder_n_blocks": 0,
            "predictor_n_blocks": 1,
            "mixer_normalization": "auto",
            "dropout0": 0.38852797479169876,
            "dropout1": 0.0,
            "normalization": "LayerNorm",
            "activation": "ReLU"
        },
        "optimizer": {
            "type": "AdamW",
            "lr": 0.0003121273641315169,
            "weight_decay": 1.2260352006404615e-06
        }
    },
    "n_parameters": 638386,
    "prediction_type": "logits",
    "best_epoch": 28,
    "metrics": {
        "train": {
            "0": {
                "precision": 0.7912001571400511,
                "recall": 0.800476947535771,
                "f1-score": 0.7958115183246074,
                "support": 5032
            },
            "1": {
                "precision": 0.7954776940313709,
                "recall": 0.7860305958132046,
                "f1-score": 0.7907259289257873,
                "support": 4968
            },
            "accuracy": 0.7933,
            "macro avg": {
                "precision": 0.7933389255857111,
                "recall": 0.7932537716744879,
                "f1-score": 0.7932687236251974,
                "support": 10000
            },
            "weighted avg": {
                "precision": 0.7933252374676588,
                "recall": 0.7933,
                "f1-score": 0.7932849975112736,
                "support": 10000
            },
            "cross-entropy": 0.44335890185876853,
            "roc-auc": 0.8745998036079558,
            "score": 0.7933
        },
        "val": {
            "0": {
                "precision": 0.7857142857142857,
                "recall": 0.7983870967741935,
                "f1-score": 0.792,
                "support": 992
            },
            "1": {
                "precision": 0.8011928429423459,
                "recall": 0.7886497064579256,
                "f1-score": 0.7948717948717949,
                "support": 1022
            },
            "accuracy": 0.7934458788480635,
            "macro avg": {
                "precision": 0.7934535643283158,
                "recall": 0.7935184016160596,
                "f1-score": 0.7934358974358975,
                "support": 2014
            },
            "weighted avg": {
                "precision": 0.7935688465320998,
                "recall": 0.7934458788480635,
                "f1-score": 0.7934572861762534,
                "support": 2014
            },
            "cross-entropy": 0.4641189011418866,
            "roc-auc": 0.8620352250489237,
            "score": 0.7934458788480635
        },
        "test": {
            "0": {
                "precision": 0.761864406779661,
                "recall": 0.770681525932276,
                "f1-score": 0.7662476028126998,
                "support": 2333
            },
            "1": {
                "precision": 0.7713675213675214,
                "recall": 0.7625686523024926,
                "f1-score": 0.7669428510728702,
                "support": 2367
            },
            "accuracy": 0.766595744680851,
            "macro avg": {
                "precision": 0.7666159640735912,
                "recall": 0.7666250891173843,
                "f1-score": 0.7665952269427849,
                "support": 4700
            },
            "weighted avg": {
                "precision": 0.7666503370412494,
                "recall": 0.766595744680851,
                "f1-score": 0.7665977416705345,
                "support": 4700
            },
            "cross-entropy": 0.4853899146386103,
            "roc-auc": 0.8481486853725799,
            "score": 0.766595744680851
        }
    },
    "time": "0:00:59.706534",
    "chunk_size": null,
    "eval_batch_size": 32768
}
