{
    "function": "bin.tabr.main",
    "gpus": [
        "Tesla T4"
    ],
    "n_parameters": 638386,
    "best_epoch": 28,
    "scores": {
        "train": 0.7933,
        "val": 0.7934458788480635,
        "test": 0.766595744680851
    },
    "time": "0:00:59.706534"
}
