{
    "function": "bin.tabr.main",
    "gpus": [
        "Tesla T4"
    ],
    "config": {
        "seed": 1,
        "batch_size": 256,
        "patience": 16,
        "n_epochs": Infinity,
        "context_size": 96,
        "data": {
            "seed": 0,
            "cache": true,
            "path": ":data/classif-num-medium-0-credit",
            "num_policy": "quantile",
            "cat_policy": null,
            "y_policy": null
        },
        "model": {
            "num_embeddings": null,
            "d_main": 265,
            "context_dropout": 0.1,
            "d_multiplier": 2.0,
            "encoder_n_blocks": 0,
            "predictor_n_blocks": 1,
            "mixer_normalization": "auto",
            "dropout0": 0.1,
            "dropout1": 0.0,
            "normalization": "LayerNorm",
            "activation": "ReLU"
        },
        "optimizer": {
            "type": "AdamW",
            "lr": 0.001,
            "weight_decay": 0.0001
        }
    },
    "n_parameters": 638386,
    "prediction_type": "logits",
    "best_epoch": 20,
    "metrics": {
        "train": {
            "0": {
                "precision": 0.7993566546039405,
                "recall": 0.7901430842607313,
                "f1-score": 0.7947231661003398,
                "support": 5032
            },
            "1": {
                "precision": 0.7898925586947871,
                "recall": 0.7991143317230274,
                "f1-score": 0.7944766860116069,
                "support": 4968
            },
            "accuracy": 0.7946,
            "macro avg": {
                "precision": 0.7946246066493639,
                "recall": 0.7946287079918793,
                "f1-score": 0.7945999260559733,
                "support": 10000
            },
            "weighted avg": {
                "precision": 0.7946548917562731,
                "recall": 0.7946,
                "f1-score": 0.7946007147922574,
                "support": 10000
            },
            "cross-entropy": 0.4393679533756645,
            "roc-auc": 0.8784919630308057,
            "score": 0.7946
        },
        "val": {
            "0": {
                "precision": 0.7911200807265388,
                "recall": 0.7903225806451613,
                "f1-score": 0.7907211296016138,
                "support": 992
            },
            "1": {
                "precision": 0.7966764418377321,
                "recall": 0.7974559686888454,
                "f1-score": 0.7970660146699265,
                "support": 1022
            },
            "accuracy": 0.7939424031777557,
            "macro avg": {
                "precision": 0.7938982612821355,
                "recall": 0.7938892746670033,
                "f1-score": 0.7938935721357702,
                "support": 2014
            },
            "weighted avg": {
                "precision": 0.7939396443092794,
                "recall": 0.7939424031777557,
                "f1-score": 0.7939408279828528,
                "support": 2014
            },
            "cross-entropy": 0.4598037821036211,
            "roc-auc": 0.8648720093428445,
            "score": 0.7939424031777557
        },
        "test": {
            "0": {
                "precision": 0.7651352511807643,
                "recall": 0.7638234033433348,
                "f1-score": 0.7644787644787644,
                "support": 2333
            },
            "1": {
                "precision": 0.7676086039645719,
                "recall": 0.7689057879171948,
                "f1-score": 0.7682566483748418,
                "support": 2367
            },
            "accuracy": 0.7663829787234042,
            "macro avg": {
                "precision": 0.7663719275726681,
                "recall": 0.7663645956302647,
                "f1-score": 0.7663677064268031,
                "support": 4700
            },
            "weighted avg": {
                "precision": 0.7663808737423116,
                "recall": 0.7663829787234042,
                "f1-score": 0.7663813711132358,
                "support": 4700
            },
            "cross-entropy": 0.48649322139983625,
            "roc-auc": 0.84855776065058,
            "score": 0.7663829787234042
        }
    },
    "time": "0:00:50.661518",
    "chunk_size": null,
    "eval_batch_size": 32768
}
