{
    "function": "bin.tabr.main",
    "gpus": [
        "Tesla T4"
    ],
    "n_parameters": 638386,
    "best_epoch": 7,
    "scores": {
        "train": 0.7846,
        "val": 0.7909632571996028,
        "test": 0.77
    },
    "time": "0:00:31.374754"
}
