{
    "function": "bin.tabr.main",
    "gpus": [
        "Tesla T4"
    ],
    "config": {
        "seed": 13,
        "batch_size": 256,
        "patience": 16,
        "n_epochs": Infinity,
        "context_size": 96,
        "data": {
            "seed": 0,
            "cache": true,
            "path": ":data/classif-num-medium-0-credit",
            "num_policy": "quantile",
            "cat_policy": null,
            "y_policy": null
        },
        "model": {
            "num_embeddings": null,
            "d_main": 265,
            "context_dropout": 0.38920071545944357,
            "d_multiplier": 2.0,
            "encoder_n_blocks": 0,
            "predictor_n_blocks": 1,
            "mixer_normalization": "auto",
            "dropout0": 0.38852797479169876,
            "dropout1": 0.0,
            "normalization": "LayerNorm",
            "activation": "ReLU"
        },
        "optimizer": {
            "type": "AdamW",
            "lr": 0.0003121273641315169,
            "weight_decay": 1.2260352006404615e-06
        }
    },
    "n_parameters": 638386,
    "prediction_type": "logits",
    "best_epoch": 7,
    "metrics": {
        "train": {
            "0": {
                "precision": 0.7780738484963837,
                "recall": 0.8124006359300477,
                "f1-score": 0.7948668092552985,
                "support": 5032
            },
            "1": {
                "precision": 0.8010956595027392,
                "recall": 0.7652979066022544,
                "f1-score": 0.7827877290508544,
                "support": 4968
            },
            "accuracy": 0.789,
            "macro avg": {
                "precision": 0.7895847539995615,
                "recall": 0.788849271266151,
                "f1-score": 0.7888272691530764,
                "support": 10000
            },
            "weighted avg": {
                "precision": 0.7895110842043411,
                "recall": 0.789,
                "f1-score": 0.7888659222097307,
                "support": 10000
            },
            "cross-entropy": 0.4582139571811876,
            "roc-auc": 0.8653944465565309,
            "score": 0.789
        },
        "val": {
            "0": {
                "precision": 0.7778855480116392,
                "recall": 0.8084677419354839,
                "f1-score": 0.7928818586258033,
                "support": 992
            },
            "1": {
                "precision": 0.8067141403865717,
                "recall": 0.7759295499021527,
                "f1-score": 0.7910224438902743,
                "support": 1022
            },
            "accuracy": 0.7919563058589871,
            "macro avg": {
                "precision": 0.7922998441991055,
                "recall": 0.7921986459188183,
                "f1-score": 0.7919521512580388,
                "support": 2014
            },
            "weighted avg": {
                "precision": 0.7925145556616795,
                "recall": 0.7919563058589871,
                "f1-score": 0.7919383025882112,
                "support": 2014
            },
            "cross-entropy": 0.4607966476916774,
            "roc-auc": 0.8640099267722998,
            "score": 0.7919563058589871
        },
        "test": {
            "0": {
                "precision": 0.7539140907266159,
                "recall": 0.8049721388769824,
                "f1-score": 0.7786069651741294,
                "support": 2333
            },
            "1": {
                "precision": 0.79402444545043,
                "recall": 0.7410223912125052,
                "f1-score": 0.7666083916083917,
                "support": 2367
            },
            "accuracy": 0.7727659574468085,
            "macro avg": {
                "precision": 0.773969268088523,
                "recall": 0.7729972650447439,
                "f1-score": 0.7726076783912605,
                "support": 4700
            },
            "weighted avg": {
                "precision": 0.7741143480949708,
                "recall": 0.7727659574468085,
                "f1-score": 0.7725642792953844,
                "support": 4700
            },
            "cross-entropy": 0.4789177723763496,
            "roc-auc": 0.8516883907550798,
            "score": 0.7727659574468085
        }
    },
    "time": "0:00:32.425314",
    "chunk_size": null,
    "eval_batch_size": 32768
}
