{
    "function": "bin.tabr.main",
    "gpus": [
        "Tesla T4"
    ],
    "n_parameters": 638386,
    "best_epoch": 14,
    "scores": {
        "train": 0.7881,
        "val": 0.7939424031777557,
        "test": 0.7712765957446809
    },
    "time": "0:00:41.593967"
}
