{
    "function": "bin.tabr.main",
    "gpus": [
        "Tesla T4"
    ],
    "config": {
        "seed": 5,
        "batch_size": 256,
        "patience": 16,
        "n_epochs": Infinity,
        "context_size": 96,
        "data": {
            "seed": 0,
            "cache": true,
            "path": ":data/classif-num-medium-0-credit",
            "num_policy": "quantile",
            "cat_policy": null,
            "y_policy": null
        },
        "model": {
            "num_embeddings": null,
            "d_main": 265,
            "context_dropout": 0.38920071545944357,
            "d_multiplier": 2.0,
            "encoder_n_blocks": 0,
            "predictor_n_blocks": 1,
            "mixer_normalization": "auto",
            "dropout0": 0.38852797479169876,
            "dropout1": 0.0,
            "normalization": "LayerNorm",
            "activation": "ReLU"
        },
        "optimizer": {
            "type": "AdamW",
            "lr": 0.0003121273641315169,
            "weight_decay": 1.2260352006404615e-06
        }
    },
    "n_parameters": 638386,
    "prediction_type": "logits",
    "best_epoch": 20,
    "metrics": {
        "train": {
            "0": {
                "precision": 0.7854391371340523,
                "recall": 0.8104133545310016,
                "f1-score": 0.7977308294209703,
                "support": 5032
            },
            "1": {
                "precision": 0.8015806988352745,
                "recall": 0.7757648953301127,
                "f1-score": 0.7884615384615384,
                "support": 4968
            },
            "accuracy": 0.7932,
            "macro avg": {
                "precision": 0.7935099179846634,
                "recall": 0.7930891249305572,
                "f1-score": 0.7930961839412544,
                "support": 10000
            },
            "weighted avg": {
                "precision": 0.7934582649872195,
                "recall": 0.7932,
                "f1-score": 0.7931258456723245,
                "support": 10000
            },
            "cross-entropy": 0.44641767078179057,
            "roc-auc": 0.8724943773696971,
            "score": 0.7932
        },
        "val": {
            "0": {
                "precision": 0.7795121951219512,
                "recall": 0.8054435483870968,
                "f1-score": 0.7922657411998016,
                "support": 992
            },
            "1": {
                "precision": 0.8048533872598584,
                "recall": 0.7788649706457925,
                "f1-score": 0.7916459472899054,
                "support": 1022
            },
            "accuracy": 0.7919563058589871,
            "macro avg": {
                "precision": 0.7921827911909048,
                "recall": 0.7921542595164446,
                "f1-score": 0.7919558442448535,
                "support": 2014
            },
            "weighted avg": {
                "precision": 0.792371528967503,
                "recall": 0.7919563058589871,
                "f1-score": 0.7919512281035187,
                "support": 2014
            },
            "cross-entropy": 0.4646899364411153,
            "roc-auc": 0.8619661795341205,
            "score": 0.7919563058589871
        },
        "test": {
            "0": {
                "precision": 0.7513336068937218,
                "recall": 0.7848264037719674,
                "f1-score": 0.7677148846960168,
                "support": 2333
            },
            "1": {
                "precision": 0.7781705700397702,
                "recall": 0.743979721166033,
                "f1-score": 0.7606911447084233,
                "support": 2367
            },
            "accuracy": 0.7642553191489362,
            "macro avg": {
                "precision": 0.764752088466746,
                "recall": 0.7644030624690001,
                "f1-score": 0.7642030147022201,
                "support": 4700
            },
            "weighted avg": {
                "precision": 0.7648491583334445,
                "recall": 0.7642553191489362,
                "f1-score": 0.7641776096852436,
                "support": 4700
            },
            "cross-entropy": 0.479814002702869,
            "roc-auc": 0.8517358355195047,
            "score": 0.7642553191489362
        }
    },
    "time": "0:00:48.791845",
    "chunk_size": null,
    "eval_batch_size": 32768
}
