{
    "function": "bin.tabr.main",
    "gpus": [
        "Tesla T4"
    ],
    "config": {
        "seed": 2,
        "batch_size": 256,
        "patience": 16,
        "n_epochs": Infinity,
        "context_size": 96,
        "data": {
            "seed": 0,
            "cache": true,
            "path": ":data/classif-num-medium-0-credit",
            "num_policy": "quantile",
            "cat_policy": null,
            "y_policy": null
        },
        "model": {
            "num_embeddings": null,
            "d_main": 265,
            "context_dropout": 0.1,
            "d_multiplier": 2.0,
            "encoder_n_blocks": 0,
            "predictor_n_blocks": 1,
            "mixer_normalization": "auto",
            "dropout0": 0.1,
            "dropout1": 0.0,
            "normalization": "LayerNorm",
            "activation": "ReLU"
        },
        "optimizer": {
            "type": "AdamW",
            "lr": 0.001,
            "weight_decay": 0.0001
        }
    },
    "n_parameters": 638386,
    "prediction_type": "logits",
    "best_epoch": 17,
    "metrics": {
        "train": {
            "0": {
                "precision": 0.792548030273627,
                "recall": 0.8116057233704292,
                "f1-score": 0.8019636720667648,
                "support": 5032
            },
            "1": {
                "precision": 0.8044151021250258,
                "recall": 0.7848228663446055,
                "f1-score": 0.7944982170147733,
                "support": 4968
            },
            "accuracy": 0.7983,
            "macro avg": {
                "precision": 0.7984815661993263,
                "recall": 0.7982142948575174,
                "f1-score": 0.798230944540769,
                "support": 10000
            },
            "weighted avg": {
                "precision": 0.7984435915694019,
                "recall": 0.7983,
                "f1-score": 0.7982548339969354,
                "support": 10000
            },
            "cross-entropy": 0.4391604865874602,
            "roc-auc": 0.8776769696486768,
            "score": 0.7983
        },
        "val": {
            "0": {
                "precision": 0.7784313725490196,
                "recall": 0.8004032258064516,
                "f1-score": 0.7892644135188867,
                "support": 992
            },
            "1": {
                "precision": 0.8008048289738431,
                "recall": 0.7788649706457925,
                "f1-score": 0.7896825396825397,
                "support": 1022
            },
            "accuracy": 0.7894736842105263,
            "macro avg": {
                "precision": 0.7896181007614314,
                "recall": 0.7896340982261221,
                "f1-score": 0.7894734766007132,
                "support": 2014
            },
            "weighted avg": {
                "precision": 0.7897847352432448,
                "recall": 0.7894736842105263,
                "f1-score": 0.7894765907479102,
                "support": 2014
            },
            "cross-entropy": 0.4649431006133475,
            "roc-auc": 0.8610587241967048,
            "score": 0.7894736842105263
        },
        "test": {
            "0": {
                "precision": 0.7571134020618556,
                "recall": 0.7869695670810116,
                "f1-score": 0.7717528373266078,
                "support": 2333
            },
            "1": {
                "precision": 0.7815384615384615,
                "recall": 0.7511618081960287,
                "f1-score": 0.7660491167600172,
                "support": 2367
            },
            "accuracy": 0.768936170212766,
            "macro avg": {
                "precision": 0.7693259318001586,
                "recall": 0.7690656876385202,
                "f1-score": 0.7689009770433125,
                "support": 4700
            },
            "weighted avg": {
                "precision": 0.7694142777599676,
                "recall": 0.768936170212766,
                "f1-score": 0.7688803465646674,
                "support": 4700
            },
            "cross-entropy": 0.4880863497190135,
            "roc-auc": 0.8465437122920512,
            "score": 0.768936170212766
        }
    },
    "time": "0:00:45.652998",
    "chunk_size": null,
    "eval_batch_size": 32768
}
