{
    "function": "bin.tabr.main",
    "gpus": [
        "Tesla T4"
    ],
    "n_parameters": 638386,
    "best_epoch": 17,
    "scores": {
        "train": 0.7983,
        "val": 0.7894736842105263,
        "test": 0.768936170212766
    },
    "time": "0:00:45.652998"
}
